iter	Passed	Remaining
0	6	6292
1	11	5963
2	17	5804
3	23	5743
4	29	5842
5	35	5827
6	41	5852
7	46	5784
8	50	5574
9	56	5569
10	61	5568
11	67	5541
12	74	5635
13	82	5785
14	88	5781
15	94	5792
16	100	5815
17	106	5815
18	112	5810
19	119	5831
20	125	5851
21	131	5857
22	138	5863
23	143	5855
24	150	5860
25	156	5856
26	162	5846
27	168	5850
28	174	5837
29	180	5843
30	186	5824
31	192	5810
32	198	5818
33	204	5816
34	210	5796
35	217	5818
36	223	5810
37	229	5803
38	235	5795
39	241	5799
40	247	5798
41	253	5786
42	259	5776
43	265	5764
44	271	5753
45	277	5747
46	282	5733
47	288	5727
48	294	5712
49	299	5699
50	303	5644
51	309	5642
52	314	5627
53	320	5619
54	326	5612
55	332	5605
56	338	5607
57	344	5602
58	350	5595
59	356	5592
60	362	5581
61	368	5578
62	374	5568
63	380	5568
64	386	5565
65	392	5558
66	398	5547
67	404	5545
68	410	5540
69	416	5538
70	423	5540
71	429	5533
72	435	5531
73	441	5526
74	447	5519
75	453	5515
76	459	5509
77	465	5501
78	470	5489
79	476	5480
80	482	5473
81	488	5468
82	494	5461
83	500	5455
84	506	5448
85	512	5444
86	518	5437
87	524	5434
88	530	5427
89	536	5423
90	542	5420
91	548	5414
92	555	5413
93	561	5409
94	567	5409
95	573	5404
96	579	5398
97	586	5396
98	591	5386
99	597	5377
100	605	5390
101	612	5391
102	618	5388
103	624	5379
104	630	5372
105	636	5370
106	642	5363
107	648	5357
108	654	5349
109	660	5344
110	666	5340
111	672	5334
112	679	5336
113	689	5355
114	694	5345
115	700	5338
116	706	5334
117	713	5330
118	718	5322
119	724	5315
120	730	5308
121	736	5302
122	743	5299
123	749	5293
124	755	5290
125	761	5281
126	767	5276
127	773	5269
128	779	5263
129	785	5257
130	791	5251
131	797	5243
132	803	5234
133	808	5224
134	814	5219
135	820	5213
136	826	5206
137	833	5203
138	838	5196
139	844	5189
140	851	5185
141	857	5179
142	863	5174
143	869	5167
144	875	5162
145	881	5157
146	887	5152
147	895	5154
148	901	5146
149	907	5142
150	913	5138
151	920	5132
152	927	5132
153	934	5131
154	940	5127
155	947	5127
156	954	5126
157	962	5126
158	971	5137
159	977	5134
160	984	5132
161	992	5131
162	998	5128
163	1005	5126
164	1013	5126
165	1020	5124
166	1026	5120
167	1033	5118
168	1040	5115
169	1047	5115
170	1054	5109
171	1061	5112
172	1071	5120
173	1077	5116
174	1084	5112
175	1091	5110
176	1098	5106
177	1104	5102
178	1111	5098
179	1117	5091
180	1124	5086
181	1130	5080
182	1135	5071
183	1141	5064
184	1147	5055
185	1153	5048
186	1159	5042
187	1166	5039
188	1172	5031
189	1178	5023
190	1184	5019
191	1191	5013
192	1198	5010
193	1205	5006
194	1211	5001
195	1218	4998
196	1225	4995
197	1232	4992
198	1241	4997
199	1250	5001
200	1261	5013
201	1270	5020
202	1279	5025
203	1287	5023
204	1294	5020
205	1301	5017
206	1308	5010
207	1313	5002
208	1319	4993
209	1325	4986
210	1331	4979
211	1337	4972
212	1344	4966
213	1349	4958
214	1356	4952
215	1362	4946
216	1368	4938
217	1374	4932
218	1381	4926
219	1388	4921
220	1394	4915
221	1400	4907
222	1406	4901
223	1412	4894
224	1419	4889
225	1424	4880
226	1430	4872
227	1437	4865
228	1443	4858
229	1449	4852
230	1455	4845
231	1461	4839
232	1468	4832
233	1473	4824
234	1480	4818
235	1485	4810
236	1491	4802
237	1497	4795
238	1503	4787
239	1509	4779
240	1515	4771
241	1521	4765
242	1527	4760
243	1534	4753
244	1540	4745
245	1545	4738
246	1551	4730
247	1557	4723
248	1563	4715
249	1569	4709
250	1575	4701
251	1581	4695
252	1588	4689
253	1593	4680
254	1599	4673
255	1607	4672
256	1614	4667
257	1621	4663
258	1628	4658
259	1635	4653
260	1641	4647
261	1648	4642
262	1654	4636
263	1661	4631
264	1668	4627
265	1674	4620
266	1683	4622
267	1691	4619
268	1697	4611
269	1703	4604
270	1709	4597
271	1715	4590
272	1721	4583
273	1727	4577
274	1733	4571
275	1740	4565
276	1746	4557
277	1752	4550
278	1758	4543
279	1764	4537
280	1770	4529
281	1775	4521
282	1782	4515
283	1788	4509
284	1794	4502
285	1801	4498
286	1807	4490
287	1814	4484
288	1820	4479
289	1826	4472
290	1833	4467
291	1840	4461
292	1846	4456
293	1853	4450
294	1859	4444
295	1866	4439
296	1872	4433
297	1879	4427
298	1886	4423
299	1893	4418
300	1901	4416
301	1908	4412
302	1916	4408
303	1924	4405
304	1930	4399
305	1937	4394
306	1943	4386
307	1949	4379
308	1955	4373
309	1961	4366
310	1967	4359
311	1973	4352
312	1979	4343
313	1985	4337
314	1990	4329
315	1996	4321
316	2002	4315
317	2009	4309
318	2015	4301
319	2020	4294
320	2026	4287
321	2032	4279
322	2038	4272
323	2045	4267
324	2054	4266
325	2060	4259
326	2066	4253
327	2072	4245
328	2079	4240
329	2085	4233
330	2091	4226
331	2097	4219
332	2103	4212
333	2109	4206
334	2115	4199
335	2121	4192
336	2127	4185
337	2133	4178
338	2140	4174
339	2147	4169
340	2154	4164
341	2161	4157
342	2167	4152
343	2174	4146
344	2180	4140
345	2187	4134
346	2193	4128
347	2200	4122
348	2207	4117
349	2214	4112
350	2219	4104
351	2226	4098
352	2233	4093
353	2239	4086
354	2246	4080
355	2252	4074
356	2258	4067
357	2264	4061
358	2270	4054
359	2276	4046
360	2282	4040
361	2288	4033
362	2294	4026
363	2300	4019
364	2306	4013
365	2312	4006
366	2318	3998
367	2324	3992
368	2330	3985
369	2336	3979
370	2342	3972
371	2348	3964
372	2354	3958
373	2360	3951
374	2366	3944
375	2372	3937
376	2377	3929
377	2384	3923
378	2390	3917
379	2396	3910
380	2403	3904
381	2408	3897
382	2415	3891
383	2421	3884
384	2427	3877
385	2433	3870
386	2438	3863
387	2444	3855
388	2450	3848
389	2456	3842
390	2462	3835
391	2468	3828
392	2473	3820
393	2479	3813
394	2486	3808
395	2492	3801
396	2498	3794
397	2504	3788
398	2510	3781
399	2516	3774
400	2522	3767
401	2527	3760
402	2533	3753
403	2539	3747
404	2545	3739
405	2552	3733
406	2557	3726
407	2563	3719
408	2569	3713
409	2575	3706
410	2581	3699
411	2588	3693
412	2594	3686
413	2600	3681
414	2607	3675
415	2613	3669
416	2619	3662
417	2625	3656
418	2632	3649
419	2637	3642
420	2642	3634
421	2648	3628
422	2654	3621
423	2661	3615
424	2667	3608
425	2673	3601
426	2680	3597
427	2688	3593
428	2694	3586
429	2700	3579
430	2706	3572
431	2711	3565
432	2717	3558
433	2723	3552
434	2729	3545
435	2736	3539
436	2742	3533
437	2749	3528
438	2756	3522
439	2763	3516
440	2769	3510
441	2776	3505
442	2783	3499
443	2790	3493
444	2796	3487
445	2802	3481
446	2808	3474
447	2815	3468
448	2821	3462
449	2827	3455
450	2833	3449
451	2839	3442
452	2845	3436
453	2851	3429
454	2857	3422
455	2864	3417
456	2870	3410
457	2876	3404
458	2882	3397
459	2888	3391
460	2894	3384
461	2900	3377
462	2906	3371
463	2912	3364
464	2918	3357
465	2926	3353
466	2933	3348
467	2940	3342
468	2948	3337
469	2956	3333
470	2963	3328
471	2971	3324
472	2979	3320
473	2987	3315
474	2996	3311
475	3004	3306
476	3012	3302
477	3020	3298
478	3029	3294
479	3038	3291
480	3048	3288
481	3056	3284
482	3065	3281
483	3072	3275
484	3080	3271
485	3088	3266
486	3097	3262
487	3105	3258
488	3113	3253
489	3120	3248
490	3128	3243
491	3135	3237
492	3142	3231
493	3148	3225
494	3154	3217
495	3159	3210
496	3165	3204
497	3172	3197
498	3178	3191
499	3185	3185
500	3191	3178
501	3197	3172
502	3203	3164
503	3209	3158
504	3215	3151
505	3220	3144
506	3229	3140
507	3234	3132
508	3241	3126
509	3246	3119
510	3252	3112
511	3258	3106
512	3264	3099
513	3270	3092
514	3277	3086
515	3283	3079
516	3288	3072
517	3294	3065
518	3300	3059
519	3307	3052
520	3313	3045
521	3320	3040
522	3326	3033
523	3331	3026
524	3338	3020
525	3343	3013
526	3350	3006
527	3356	3000
528	3362	2994
529	3368	2987
530	3374	2980
531	3380	2973
532	3386	2967
533	3392	2960
534	3398	2953
535	3404	2947
536	3411	2941
537	3417	2934
538	3424	2928
539	3430	2922
540	3437	2916
541	3443	2909
542	3449	2903
543	3455	2896
544	3461	2889
545	3466	2882
546	3473	2876
547	3478	2869
548	3485	2863
549	3491	2856
550	3497	2849
551	3504	2844
552	3510	2837
553	3516	2830
554	3522	2824
555	3528	2817
556	3535	2811
557	3541	2804
558	3546	2798
559	3553	2791
560	3559	2785
561	3565	2779
562	3571	2772
563	3577	2765
564	3584	2759
565	3590	2753
566	3597	2747
567	3604	2741
568	3610	2734
569	3616	2728
570	3622	2721
571	3628	2714
572	3634	2708
573	3640	2701
574	3647	2695
575	3654	2689
576	3660	2683
577	3668	2678
578	3674	2671
579	3680	2665
580	3687	2659
581	3696	2655
582	3703	2648
583	3709	2642
584	3716	2636
585	3723	2630
586	3729	2624
587	3736	2618
588	3743	2611
589	3749	2605
590	3756	2599
591	3762	2593
592	3769	2586
593	3775	2580
594	3782	2574
595	3788	2568
596	3794	2561
597	3801	2555
598	3807	2548
599	3813	2542
600	3819	2535
601	3825	2529
602	3832	2522
603	3837	2516
604	3844	2510
605	3851	2504
606	3857	2497
607	3863	2491
608	3870	2484
609	3876	2478
610	3882	2471
611	3888	2465
612	3894	2458
613	3900	2452
614	3906	2445
615	3912	2439
616	3918	2432
617	3924	2426
618	3930	2419
619	3936	2412
620	3942	2406
621	3948	2399
622	3954	2392
623	3959	2385
624	3965	2379
625	3972	2373
626	3979	2367
627	3986	2361
628	3992	2355
629	3999	2349
630	4005	2342
631	4011	2335
632	4017	2329
633	4023	2322
634	4030	2316
635	4040	2312
636	4046	2306
637	4053	2299
638	4059	2293
639	4065	2286
640	4071	2280
641	4078	2274
642	4084	2267
643	4090	2261
644	4096	2254
645	4103	2248
646	4110	2242
647	4117	2236
648	4123	2230
649	4129	2223
650	4136	2217
651	4142	2210
652	4148	2204
653	4155	2198
654	4161	2192
655	4168	2185
656	4175	2179
657	4181	2173
658	4189	2167
659	4196	2161
660	4205	2156
661	4212	2150
662	4220	2145
663	4226	2138
664	4233	2132
665	4241	2126
666	4248	2121
667	4255	2115
668	4262	2108
669	4268	2102
670	4275	2096
671	4281	2089
672	4288	2083
673	4294	2077
674	4300	2070
675	4307	2064
676	4313	2058
677	4320	2051
678	4326	2045
679	4333	2039
680	4340	2033
681	4346	2026
682	4353	2020
683	4359	2014
684	4366	2007
685	4372	2001
686	4379	1995
687	4386	1989
688	4392	1982
689	4399	1976
690	4406	1970
691	4412	1964
692	4419	1958
693	4427	1951
694	4433	1945
695	4440	1939
696	4447	1933
697	4454	1927
698	4461	1921
699	4468	1915
700	4475	1908
701	4481	1902
702	4488	1896
703	4494	1889
704	4501	1883
705	4507	1877
706	4514	1870
707	4520	1864
708	4527	1858
709	4533	1851
710	4539	1845
711	4544	1838
712	4550	1831
713	4556	1825
714	4562	1818
715	4582	1817
716	4588	1810
717	4594	1804
718	4601	1798
719	4608	1792
720	4613	1785
721	4620	1779
722	4627	1772
723	4633	1766
724	4639	1759
725	4644	1752
726	4651	1746
727	4657	1740
728	4663	1733
729	4669	1727
730	4676	1720
731	4683	1714
732	4690	1708
733	4699	1703
734	4707	1697
735	4712	1690
736	4719	1684
737	4725	1677
738	4731	1670
739	4738	1664
740	4744	1658
741	4751	1652
742	4757	1645
743	4763	1639
744	4770	1632
745	4776	1626
746	4782	1619
747	4787	1612
748	4793	1606
749	4799	1599
750	4806	1593
751	4812	1587
752	4818	1580
753	4824	1574
754	4830	1567
755	4836	1561
756	4842	1554
757	4849	1548
758	4855	1541
759	4861	1535
760	4867	1528
761	4873	1522
762	4880	1515
763	4885	1509
764	4891	1502
765	4897	1496
766	4903	1489
767	4909	1483
768	4915	1476
769	4921	1470
770	4927	1463
771	4933	1456
772	4939	1450
773	4945	1444
774	4951	1437
775	4956	1430
776	4962	1424
777	4969	1417
778	4975	1411
779	4982	1405
780	4988	1398
781	4995	1392
782	5002	1386
783	5008	1379
784	5015	1373
785	5023	1367
786	5030	1361
787	5036	1354
788	5041	1348
789	5048	1342
790	5054	1335
791	5060	1329
792	5067	1322
793	5073	1316
794	5079	1309
795	5085	1303
796	5092	1297
797	5098	1290
798	5104	1284
799	5111	1277
800	5118	1271
801	5125	1265
802	5132	1259
803	5138	1252
804	5145	1246
805	5151	1239
806	5157	1233
807	5163	1227
808	5170	1220
809	5177	1214
810	5183	1207
811	5189	1201
812	5195	1195
813	5201	1188
814	5208	1182
815	5215	1176
816	5221	1169
817	5227	1163
818	5233	1156
819	5239	1150
820	5246	1143
821	5252	1137
822	5258	1130
823	5264	1124
824	5269	1117
825	5276	1111
826	5282	1105
827	5288	1098
828	5294	1092
829	5300	1085
830	5306	1079
831	5312	1072
832	5318	1066
833	5325	1059
834	5331	1053
835	5337	1047
836	5343	1040
837	5349	1034
838	5356	1027
839	5362	1021
840	5368	1014
841	5374	1008
842	5379	1001
843	5385	995
844	5391	988
845	5397	982
846	5404	976
847	5410	969
848	5417	963
849	5423	957
850	5430	950
851	5436	944
852	5443	938
853	5449	931
854	5455	925
855	5462	918
856	5468	912
857	5473	905
858	5479	899
859	5485	893
860	5491	886
861	5497	880
862	5503	873
863	5509	867
864	5515	860
865	5521	854
866	5528	848
867	5534	841
868	5540	835
869	5546	828
870	5552	822
871	5558	815
872	5563	809
873	5570	803
874	5576	796
875	5582	790
876	5588	783
877	5594	777
878	5601	771
879	5607	764
880	5613	758
881	5619	751
882	5625	745
883	5631	738
884	5637	732
885	5643	726
886	5649	719
887	5655	713
888	5662	706
889	5668	700
890	5674	694
891	5680	687
892	5686	681
893	5692	674
894	5699	668
895	5705	662
896	5713	656
897	5719	649
898	5725	643
899	5731	636
900	5737	630
901	5743	624
902	5750	617
903	5756	611
904	5762	604
905	5768	598
906	5774	592
907	5780	585
908	5786	579
909	5792	572
910	5799	566
911	5805	560
912	5811	553
913	5817	547
914	5823	540
915	5829	534
916	5835	528
917	5841	521
918	5847	515
919	5854	509
920	5860	502
921	5866	496
922	5871	489
923	5878	483
924	5885	477
925	5891	470
926	5897	464
927	5904	458
928	5909	451
929	5916	445
930	5923	439
931	5929	432
932	5935	426
933	5941	419
934	5947	413
935	5953	407
936	5959	400
937	5966	394
938	5972	387
939	5978	381
940	5984	375
941	5990	368
942	5997	362
943	6002	356
944	6008	349
945	6017	343
946	6024	337
947	6029	330
948	6035	324
949	6041	317
950	6048	311
951	6053	305
952	6060	298
953	6066	292
954	6072	286
955	6078	279
956	6085	273
957	6091	267
958	6097	260
959	6103	254
960	6109	247
961	6116	241
962	6121	235
963	6127	228
964	6133	222
965	6139	216
966	6145	209
967	6151	203
968	6157	196
969	6163	190
970	6169	184
971	6176	177
972	6183	171
973	6189	165
974	6195	158
975	6202	152
976	6208	146
977	6216	139
978	6221	133
979	6228	127
980	6234	120
981	6240	114
982	6246	108
983	6253	101
984	6259	95
985	6265	88
986	6272	82
987	6278	76
988	6285	69
989	6291	63
990	6297	57
991	6303	50
992	6309	44
993	6316	38
994	6322	31
995	6328	25
996	6334	19
997	6340	12
998	6346	6
999	6353	0
